state,L,D,DOT,QUOTE,APOS,BSLASH,SLASH,STAR,EQ,REL,AMP,BAR,ARITH,PUNCT,HASH,WS,NL,OTHER
q0,q1,q2,q17,q5,q21,-,q8,q7,q12,q12,q14,q15,q7,q16,q17,q19,q19,-
q1,q1,q1,-,-,-,-,-,-,-,-,-,-,-,-,-,-,-,-
q2,-,q2,q3,-,-,-,-,-,-,-,-,-,-,-,-,-,-,-
q3,-,q4,-,-,-,-,-,-,-,-,-,-,-,-,-,-,-,-
q4,-,q4,-,-,-,-,-,-,-,-,-,-,-,-,-,-,-,-
q5,q5,q5,q5,q6,q5,q20,q5,q5,q5,q5,q5,q5,q5,q5,q5,q5,-,q5
q6,-,-,-,-,-,-,-,-,-,-,-,-,-,-,-,-,-,-
q7,-,-,-,-,-,-,-,-,-,-,-,-,-,-,-,-,-,-
q8,-,-,-,-,-,-,q9,q10,-,-,-,-,-,-,-,-,-,-
q9,q9,q9,q9,q9,q9,q9,q9,q9,q9,q9,q9,q9,q9,q9,q9,q9,-,q9
q10,q10,q10,q10,q10,q10,q10,q10,q11,q10,q10,q10,q10,q10,q10,q10,q10,q10,q10
q11,q10,q10,q10,q10,q10,q10,q18,q11,q10,q10,q10,q10,q10,q10,q10,q10,q10,q10
q12,-,-,-,-,-,-,-,-,q13,-,-,-,-,-,-,-,-,-
q13,-,-,-,-,-,-,-,-,-,-,-,-,-,-,-,-,-,-
q14,-,-,-,-,-,-,-,-,-,-,q13,-,-,-,-,-,-,-
q15,-,-,-,-,-,-,-,-,-,-,-,q13,-,-,-,-,-,-
q16,-,-,-,-,-,-,-,-,-,-,-,-,-,-,-,-,-,-
q17,-,-,-,-,-,-,-,-,-,-,-,-,-,-,-,-,-,-
q18,-,-,-,-,-,-,-,-,-,-,-,-,-,-,-,-,-,-
q19,-,-,-,-,-,-,-,-,-,-,-,-,-,-,-,q19,q19,-
q20,q5,q5,q5,q5,q5,q5,q5,q5,q5,q5,q5,q5,q5,q5,q5,q5,-,q5
q21,q23,q23,q23,q23,-,q22,q23,q23,q23,q23,q23,q23,q23,q23,q23,q23,-,q23
q22,q23,q23,q23,q23,q23,q23,q23,q23,q23,q23,q23,q23,q23,q23,q23,q23,-,q23
q23,-,-,-,-,q24,-,-,-,-,-,-,-,-,-,-,-,-,-
q24,-,-,-,-,-,-,-,-,-,-,-,-,-,-,-,-,-,-
